protein_a,protein_b,common_pathways,n_common
A1CF,KRT9,"['ADCYAP1', 'ADNP', 'AEBP2', 'AHRR', 'ALKBH3', 'ALX4', 'ARHGAP35', 'ARID3B', 'ARID5B', 'ARNT2', 'ASH1L', 'ASXL2', 'ATF5', 'ATF6', 'ATM', 'ATOH8', 'ATXN7L3', 'AUTS2', 'BAHD1', 'BANP', 'BARX1', 'BARX2', 'BCL6B', 'BDP1', 'BPTF', 'BRF1', 'BRF2', 'CARM1', 'CASP8AP2', 'CAVIN1', 'CBX5', 'CBX7', 'CC2D1A', 'CDC5L', 'CDC73', 'CDH4', 'CDX1', 'CEBPE', 'CEBPZ', 'CENPT', 'CHAF1A', 'CHAF1B', 'CIITA', 'COIL', 'CREB3L2', 'CREB3L4', 'CREB3', 'CREBL2', 'CTR9', 'CUX1', 'DACH1', 'DBP', 'DICER1', 'DIDO1', 'DLX2', 'DLX4', 'DMRT1', 'DNMT1', 'DNMT3A', 'DPPA3', 'DROSHA', 'DYRK1A', 'E2F2', 'E2F5', 'EBNA1BP2', 'EGFR', 'ELF2', 'ELF5', 'EMX1', 'EPC1', 'ERCC8', 'EWSR1', 'F10', 'FEV', 'FOXC1', 'FOXD2', 'FOXD3', 'FOXE1', 'FOXF1', 'FOXF2', 'FOXG1', 'FOXJ2', 'FOXN3', 'FOXQ1', 'FXR1', 'GLI3', 'GLI4', 'GREB1', 'GTF2A2', 'GTF2E2', 'GTF3A', 'GTF3C1', 'GUCY1B1', 'H1_6', 'HDAC4', 'HDAC8', 'HDGF', 'HES2', 'HES4', 'HEY2', 'HHEX', 'HJURP', 'HMG20B', 'HMGB2', 'HOXA10', 'HOXA13', 'HOXA7', 'HOXB4', 'HOXB6', 'HOXB7', 'HOXC11', 'HOXC13', 'HOXC6', 'HOXD11', 'HSD17B8', 'HSF4', 'ID1', 'ID2', 'IGF1R', 'IGLV5_37', 'ILK', 'INSM2', 'IRF5', 'IRX2', 'IRX3', 'KAT2A', 'KAT5', 'KDM1B', 'KLF14', 'KMT2D', 'LAMB3', 'LCORL', 'LHX2', 'LHX3', 'LHX4', 'LHX9', 'LMNB2', 'LMTK3', 'LMX1B', 'MAFG', 'MAP2K1', 'MAPK3', 'MCM3', 'MCM5', 'MDM2', 'MED16', 'MED25', 'MEF2C', 'MEF2D', 'METHYLCYTOSINE_DIOXYGENASE_TET_UNIPROT_A0A023HHK9_UNREVIEWED', 'METTL14', 'MIER1', 'MNX1', 'MPHOSPH8', 'MSX1', 'MSX2', 'MTHFD1', 'MXD1', 'MYBL1', 'MYF6', 'MYOCD', 'NAB2', 'NCOA4', 'NCOA6', 'NEUROD2', 'NEUROG3', 'NFE2L3', 'NKX2_2', 'NKX2_3', 'NKX2_5', 'NKX2_8', 'NKX6_1', 'NME2', 'NOTCH3', 'NPAT', 'NPM1', 'NR1D1', 'NR1I2', 'NR2E3', 'NR4A2', 'NRF2', 'NUFIP1', 'NUP214', 'OVOL3', 'PAF1', 'PAX3', 'PAX6', 'PAX7', 'PAX8', 'PBRM1', 'PBXIP1', 'PCGF1', 'PER1', 'PGBD5', 'PHB2', 'PHF21A', 'PIAS4', 'PITX1', 'POU2AF1', 'PPARA', 'PPARGC1A', 'PRDM12', 'PRDM4', 'PRDM5', 'PRKDC', 'PSIP1', 'PSMB5', 'PTPRA', 'PTTG1', 'RAG1', 'RAX2', 'RBL1', 'RBM15', 'RBM17', 'RBM34', 'REPIN1', 'RFX7', 'RORA', 'RPA1', 'RUVBL1', 'RUVBL2', 'RYBP', 'SAFB2', 'SALL4', 'SETBP1', 'SETD1A', 'SETD7', 'SFMBT1', 'SIPA1', 'SIRT3', 'SIX1', 'SIX4', 'SKIL', 'SKP2', 'SMARCA1', 'SMCHD1', 'SMN1_SMN2', 'SNAI1', 'SNAPC4', 'SNIP1', 'SNRNP70', 'SOX10', 'SOX15', 'SOX3', 'SQSTM1', 'SRPK1', 'SRSF9', 'SS18_SSX1_FUSION_UNIPROT_Q8IZH1_UNREVIEWED', 'STN1', 'SUPT16H', 'SUPT20H', 'SVIL', 'TAF9B', 'TAFAZZIN', 'TASOR', 'TBPL1', 'TBX3', 'TDRD3', 'TEAD2', 'TERF1', 'TERF2', 'TERT', 'TET1', 'TFAM', 'TFCP2', 'TFDP2', 'TFEB', 'THRAP3', 'THRA', 'TOP2B', 'TOX4', 'TRIP13', 'TSHZ1', 'UBN1', 'VRTN', 'WDHD1', 'WIZ', 'WRNIP1', 'YBX1', 'YBX3', 'ZA_UNIPROT_Q9UM89_UNREVIEWED_GENES', 'ZBED4', 'ZBED5', 'ZBTB12', 'ZBTB18', 'ZBTB1', 'ZBTB44', 'ZBTB5', 'ZC3H11A', 'ZFHX3', 'ZFP28', 'ZFP36L1', 'ZFP37', 'ZFP3', 'ZFP82', 'ZFP91', 'ZIM3', 'ZMYM2', 'ZMYND11', 'ZNF101', 'ZNF10', 'ZNF133', 'ZNF134', 'ZNF136', 'ZNF138', 'ZNF140', 'ZNF146', 'ZNF157', 'ZNF165', 'ZNF169', 'ZNF175', 'ZNF184', 'ZNF197', 'ZNF19', 'ZNF202', 'ZNF20', 'ZNF213', 'ZNF223', 'ZNF224', 'ZNF22', 'ZNF236', 'ZNF239', 'ZNF23', 'ZNF248', 'ZNF250', 'ZNF257', 'ZNF260', 'ZNF26', 'ZNF282', 'ZNF292', 'ZNF2', 'ZNF302', 'ZNF30', 'ZNF320', 'ZNF322', 'ZNF350', 'ZNF354A', 'ZNF354B', 'ZNF354C', 'ZNF362', 'ZNF37A', 'ZNF394', 'ZNF404', 'ZNF407', 'ZNF410', 'ZNF416', 'ZNF418', 'ZNF423', 'ZNF433', 'ZNF436', 'ZNF445', 'ZNF454', 'ZNF486', 'ZNF491', 'ZNF493', 'ZNF501', 'ZNF502', 'ZNF507', 'ZNF510', 'ZNF512B', 'ZNF512', 'ZNF513', 'ZNF514', 'ZNF524', 'ZNF528', 'ZNF529', 'ZNF532', 'ZNF544', 'ZNF547', 'ZNF549', 'ZNF558', 'ZNF560', 'ZNF561', 'ZNF563', 'ZNF577', 'ZNF579', 'ZNF581', 'ZNF582', 'ZNF584', 'ZNF585B', 'ZNF586', 'ZNF589', 'ZNF595', 'ZNF596', 'ZNF597', 'ZNF610', 'ZNF618', 'ZNF623', 'ZNF626', 'ZNF660', 'ZNF664', 'ZNF667', 'ZNF669', 'ZNF677', 'ZNF704', 'ZNF707', 'ZNF708', 'ZNF711', 'ZNF740', 'ZNF746', 'ZNF766', 'ZNF768', 'ZNF774', 'ZNF776', 'ZNF784', 'ZNF785', 'ZNF791', 'ZNF7', 'ZNF816', 'ZNF830', 'ZNF837', 'ZNF843', 'ZNF85', 'ZNF8', 'ZNF92', 'ZSCAN18', 'ZSCAN21', 'ZSCAN23', 'ZSCAN26', 'ZSCAN2', 'ZSCAN30', 'ZSCAN31', 'ZSCAN4', 'ZSCAN5B', 'ZSCAN5C', 'ZSCAN5DP', 'ZZZ3']",427
A1CF,ZMYND15,"['ADCYAP1', 'ADNP', 'AEBP2', 'AHRR', 'ALKBH3', 'ALX4', 'ARHGAP35', 'ARID3B', 'ARID5B', 'ARNT2', 'ASH1L', 'ASXL2', 'ATF5', 'ATF6', 'ATM', 'ATOH8', 'ATXN7L3', 'AUTS2', 'BAHD1', 'BANP', 'BARX1', 'BARX2', 'BCL6B', 'BDP1', 'BPTF', 'BRF1', 'BRF2', 'CARM1', 'CASP8AP2', 'CAVIN1', 'CBX5', 'CBX7', 'CC2D1A', 'CDC5L', 'CDC73', 'CDH4', 'CDX1', 'CEBPE', 'CEBPZ', 'CENPT', 'CHAF1A', 'CHAF1B', 'CIITA', 'COIL', 'CREB3L2', 'CREB3L4', 'CREB3', 'CREBL2', 'CTR9', 'CUX1', 'DACH1', 'DBP', 'DICER1', 'DIDO1', 'DLX2', 'DLX4', 'DMRT1', 'DNMT1', 'DNMT3A', 'DPPA3', 'DROSHA', 'DYRK1A', 'E2F2', 'E2F5', 'EBNA1BP2', 'EGFR', 'ELF2', 'ELF5', 'EMX1', 'EPC1', 'ERCC8', 'EWSR1', 'F10', 'FEV', 'FOXC1', 'FOXD2', 'FOXD3', 'FOXE1', 'FOXF1', 'FOXF2', 'FOXG1', 'FOXJ2', 'FOXN3', 'FOXQ1', 'FXR1', 'GLI3', 'GLI4', 'GREB1', 'GTF2A2', 'GTF2E2', 'GTF3A', 'GTF3C1', 'GUCY1B1', 'H1_6', 'HDAC4', 'HDAC8', 'HDGF', 'HES2', 'HES4', 'HEY2', 'HHEX', 'HJURP', 'HMG20B', 'HMGB2', 'HOXA10', 'HOXA13', 'HOXA7', 'HOXB4', 'HOXB6', 'HOXB7', 'HOXC11', 'HOXC13', 'HOXC6', 'HOXD11', 'HSD17B8', 'HSF4', 'ID1', 'ID2', 'IGF1R', 'IGLV5_37', 'ILK', 'INSM2', 'IRF5', 'IRX2', 'IRX3', 'KAT2A', 'KAT5', 'KDM1B', 'KLF14', 'KMT2D', 'LAMB3', 'LCORL', 'LHX2', 'LHX3', 'LHX4', 'LHX9', 'LMNB2', 'LMTK3', 'LMX1B', 'MAFG', 'MAP2K1', 'MAPK3', 'MCM3', 'MCM5', 'MDM2', 'MED16', 'MED25', 'MEF2C', 'MEF2D', 'METHYLCYTOSINE_DIOXYGENASE_TET_UNIPROT_A0A023HHK9_UNREVIEWED', 'METTL14', 'MIER1', 'MNX1', 'MPHOSPH8', 'MSX1', 'MSX2', 'MTHFD1', 'MXD1', 'MYBL1', 'MYF6', 'MYOCD', 'NAB2', 'NCOA4', 'NCOA6', 'NEUROD2', 'NEUROG3', 'NFE2L3', 'NKX2_2', 'NKX2_3', 'NKX2_5', 'NKX2_8', 'NKX6_1', 'NME2', 'NOTCH3', 'NPAT', 'NPM1', 'NR1D1', 'NR1I2', 'NR2E3', 'NR4A2', 'NUFIP1', 'NUP214', 'OVOL3', 'PAF1', 'PAX3', 'PAX6', 'PAX7', 'PAX8', 'PBRM1', 'PBXIP1', 'PCGF1', 'PER1', 'PGBD5', 'PHB2', 'PHF21A', 'PIAS4', 'PITX1', 'POU2AF1', 'PPARA', 'PPARGC1A', 'PRDM12', 'PRDM4', 'PRDM5', 'PRKDC', 'PSIP1', 'PSMB5', 'PTPRA', 'PTTG1', 'RAG1', 'RAX2', 'RBL1', 'RBM15', 'RBM17', 'RBM34', 'REPIN1', 'RFX7', 'RORA', 'RPA1', 'RUVBL1', 'RUVBL2', 'RYBP', 'SAFB2', 'SALL4', 'SETBP1', 'SETD1A', 'SETD7', 'SFMBT1', 'SIPA1', 'SIRT3', 'SIX1', 'SIX4', 'SKIL', 'SKP2', 'SMARCA1', 'SMCHD1', 'SMN1_SMN2', 'SNAI1', 'SNAPC4', 'SNIP1', 'SNRNP70', 'SOX10', 'SOX15', 'SOX3', 'SQSTM1', 'SRPK1', 'SRSF9', 'SS18_SSX1_FUSION_UNIPROT_Q8IZH1_UNREVIEWED', 'STN1', 'SUPT16H', 'SUPT20H', 'SVIL', 'TAF9B', 'TAFAZZIN', 'TASOR', 'TBPL1', 'TBX3', 'TDRD3', 'TEAD2', 'TERF1', 'TERF2', 'TERT', 'TET1', 'TFAM', 'TFCP2', 'TFDP2', 'TFEB', 'THRAP3', 'THRA', 'TOP2B', 'TOX4', 'TRIP13', 'TSHZ1', 'UBN1', 'VRTN', 'WDHD1', 'WIZ', 'WRNIP1', 'YBX1', 'YBX3', 'ZA_UNIPROT_Q9UM89_UNREVIEWED_GENES', 'ZBED4', 'ZBED5', 'ZBTB12', 'ZBTB18', 'ZBTB1', 'ZBTB44', 'ZBTB5', 'ZC3H11A', 'ZFHX3', 'ZFP28', 'ZFP36L1', 'ZFP37', 'ZFP3', 'ZFP82', 'ZFP91', 'ZIM3', 'ZMYM2', 'ZMYND11', 'ZNF101', 'ZNF10', 'ZNF133', 'ZNF134', 'ZNF136', 'ZNF138', 'ZNF140', 'ZNF146', 'ZNF157', 'ZNF165', 'ZNF169', 'ZNF175', 'ZNF184', 'ZNF197', 'ZNF19', 'ZNF202', 'ZNF20', 'ZNF213', 'ZNF223', 'ZNF224', 'ZNF22', 'ZNF236', 'ZNF239', 'ZNF23', 'ZNF248', 'ZNF250', 'ZNF257', 'ZNF260', 'ZNF26', 'ZNF282', 'ZNF292', 'ZNF2', 'ZNF302', 'ZNF30', 'ZNF320', 'ZNF322', 'ZNF350', 'ZNF354A', 'ZNF354B', 'ZNF354C', 'ZNF362', 'ZNF37A', 'ZNF394', 'ZNF404', 'ZNF407', 'ZNF410', 'ZNF416', 'ZNF418', 'ZNF423', 'ZNF433', 'ZNF436', 'ZNF445', 'ZNF454', 'ZNF486', 'ZNF491', 'ZNF493', 'ZNF501', 'ZNF502', 'ZNF507', 'ZNF510', 'ZNF512B', 'ZNF512', 'ZNF513', 'ZNF514', 'ZNF524', 'ZNF528', 'ZNF529', 'ZNF532', 'ZNF544', 'ZNF547', 'ZNF549', 'ZNF558', 'ZNF560', 'ZNF561', 'ZNF563', 'ZNF577', 'ZNF579', 'ZNF581', 'ZNF582', 'ZNF584', 'ZNF585B', 'ZNF586', 'ZNF589', 'ZNF595', 'ZNF596', 'ZNF597', 'ZNF610', 'ZNF618', 'ZNF623', 'ZNF626', 'ZNF660', 'ZNF664', 'ZNF667', 'ZNF669', 'ZNF677', 'ZNF704', 'ZNF707', 'ZNF708', 'ZNF711', 'ZNF740', 'ZNF746', 'ZNF766', 'ZNF768', 'ZNF774', 'ZNF776', 'ZNF784', 'ZNF785', 'ZNF791', 'ZNF7', 'ZNF816', 'ZNF830', 'ZNF837', 'ZNF843', 'ZNF85', 'ZNF8', 'ZNF92', 'ZSCAN18', 'ZSCAN21', 'ZSCAN23', 'ZSCAN26', 'ZSCAN2', 'ZSCAN30', 'ZSCAN31', 'ZSCAN4', 'ZSCAN5B', 'ZSCAN5C', 'ZSCAN5DP', 'ZZZ3']",426
A1CF,EFS,"['ADCYAP1', 'ADNP', 'AEBP2', 'AHRR', 'ALKBH3', 'ALX4', 'ARHGAP35', 'ARID3B', 'ARID5B', 'ARNT2', 'ASH1L', 'ASXL2', 'ATF5', 'ATF6', 'ATM', 'ATOH8', 'ATXN7L3', 'AUTS2', 'BAHD1', 'BANP', 'BARX1', 'BARX2', 'BCL6B', 'BDP1', 'BPTF', 'BRF1', 'BRF2', 'CARM1', 'CASP8AP2', 'CAVIN1', 'CBX5', 'CBX7', 'CC2D1A', 'CDC5L', 'CDC73', 'CDH4', 'CDX1', 'CEBPE', 'CEBPZ', 'CENPT', 'CHAF1A', 'CHAF1B', 'CIITA', 'COIL', 'CREB3L2', 'CREB3L4', 'CREB3', 'CREBL2', 'CTR9', 'CUX1', 'DACH1', 'DBP', 'DICER1', 'DIDO1', 'DLX2', 'DLX4', 'DMRT1', 'DNMT1', 'DNMT3A', 'DPPA3', 'DROSHA', 'DYRK1A', 'E2F2', 'E2F5', 'EBNA1BP2', 'EGFR', 'ELF2', 'ELF5', 'EMX1', 'EPC1', 'ERCC8', 'EWSR1', 'F10', 'FEV', 'FOXC1', 'FOXD2', 'FOXD3', 'FOXE1', 'FOXF1', 'FOXF2', 'FOXG1', 'FOXJ2', 'FOXN3', 'FOXQ1', 'FXR1', 'GLI3', 'GLI4', 'GREB1', 'GTF2A2', 'GTF2E2', 'GTF3A', 'GTF3C1', 'GUCY1B1', 'H1_6', 'HDAC4', 'HDAC8', 'HDGF', 'HES2', 'HES4', 'HEY2', 'HHEX', 'HJURP', 'HMG20B', 'HMGB2', 'HOXA10', 'HOXA13', 'HOXA7', 'HOXB4', 'HOXB6', 'HOXB7', 'HOXC11', 'HOXC13', 'HOXC6', 'HOXD11', 'HSD17B8', 'HSF4', 'ID1', 'ID2', 'IGF1R', 'IGLV5_37', 'ILK', 'INSM2', 'IRF5', 'IRX2', 'IRX3', 'KAT2A', 'KAT5', 'KDM1B', 'KLF14', 'KMT2D', 'LAMB3', 'LCORL', 'LHX2', 'LHX3', 'LHX4', 'LHX9', 'LMNB2', 'LMTK3', 'LMX1B', 'MAFG', 'MAP2K1', 'MAPK3', 'MCM3', 'MCM5', 'MDM2', 'MED16', 'MED25', 'MEF2C', 'MEF2D', 'METHYLCYTOSINE_DIOXYGENASE_TET_UNIPROT_A0A023HHK9_UNREVIEWED', 'METTL14', 'MIER1', 'MNX1', 'MPHOSPH8', 'MSX1', 'MSX2', 'MTHFD1', 'MXD1', 'MYBL1', 'MYF6', 'MYOCD', 'NAB2', 'NCOA4', 'NCOA6', 'NEUROD2', 'NEUROG3', 'NFE2L3', 'NKX2_2', 'NKX2_3', 'NKX2_5', 'NKX2_8', 'NKX6_1', 'NME2', 'NOTCH3', 'NPAT', 'NPM1', 'NR1D1', 'NR1I2', 'NR2E3', 'NR4A2', 'NRF2', 'NUFIP1', 'NUP214', 'OVOL3', 'PAF1', 'PAX3', 'PAX6', 'PAX7', 'PAX8', 'PBRM1', 'PBXIP1', 'PCGF1', 'PER1', 'PGBD5', 'PHB2', 'PHF21A', 'PIAS4', 'PITX1', 'POU2AF1', 'PPARA', 'PPARGC1A', 'PRDM12', 'PRDM4', 'PRDM5', 'PRKDC', 'PSIP1', 'PSMB5', 'PTPRA', 'PTTG1', 'RAG1', 'RAX2', 'RBL1', 'RBM15', 'RBM17', 'RBM34', 'REPIN1', 'RFX7', 'RORA', 'RPA1', 'RUVBL1', 'RUVBL2', 'RYBP', 'SAFB2', 'SALL4', 'SETBP1', 'SETD1A', 'SETD7', 'SFMBT1', 'SIPA1', 'SIRT3', 'SIX1', 'SIX4', 'SKIL', 'SKP2', 'SMARCA1', 'SMCHD1', 'SMN1_SMN2', 'SNAI1', 'SNAPC4', 'SNIP1', 'SNRNP70', 'SOX10', 'SOX15', 'SOX3', 'SQSTM1', 'SRPK1', 'SRSF9', 'SS18_SSX1_FUSION_UNIPROT_Q8IZH1_UNREVIEWED', 'STN1', 'SUPT16H', 'SUPT20H', 'SVIL', 'TAF9B', 'TAFAZZIN', 'TASOR', 'TBPL1', 'TBX3', 'TDRD3', 'TEAD2', 'TERF1', 'TERF2', 'TERT', 'TET1', 'TFAM', 'TFCP2', 'TFDP2', 'TFEB', 'THRAP3', 'THRA', 'TOP2B', 'TOX4', 'TRIP13', 'TSHZ1', 'UBN1', 'VRTN', 'WDHD1', 'WIZ', 'WRNIP1', 'YBX1', 'YBX3', 'ZA_UNIPROT_Q9UM89_UNREVIEWED_GENES', 'ZBED4', 'ZBED5', 'ZBTB12', 'ZBTB18', 'ZBTB1', 'ZBTB44', 'ZBTB5', 'ZC3H11A', 'ZFHX3', 'ZFP28', 'ZFP36L1', 'ZFP37', 'ZFP3', 'ZFP82', 'ZFP91', 'ZIM3', 'ZMYM2', 'ZMYND11', 'ZNF101', 'ZNF10', 'ZNF133', 'ZNF134', 'ZNF136', 'ZNF138', 'ZNF140', 'ZNF146', 'ZNF157', 'ZNF165', 'ZNF169', 'ZNF175', 'ZNF184', 'ZNF197', 'ZNF19', 'ZNF202', 'ZNF20', 'ZNF213', 'ZNF223', 'ZNF224', 'ZNF22', 'ZNF236', 'ZNF239', 'ZNF23', 'ZNF248', 'ZNF250', 'ZNF257', 'ZNF260', 'ZNF26', 'ZNF282', 'ZNF292', 'ZNF2', 'ZNF302', 'ZNF30', 'ZNF320', 'ZNF322', 'ZNF350', 'ZNF354A', 'ZNF354B', 'ZNF354C', 'ZNF362', 'ZNF37A', 'ZNF394', 'ZNF404', 'ZNF407', 'ZNF410', 'ZNF416', 'ZNF418', 'ZNF423', 'ZNF433', 'ZNF436', 'ZNF445', 'ZNF454', 'ZNF486', 'ZNF491', 'ZNF493', 'ZNF501', 'ZNF502', 'ZNF507', 'ZNF510', 'ZNF512B', 'ZNF512', 'ZNF513', 'ZNF514', 'ZNF524', 'ZNF528', 'ZNF529', 'ZNF532', 'ZNF544', 'ZNF547', 'ZNF549', 'ZNF558', 'ZNF560', 'ZNF561', 'ZNF563', 'ZNF577', 'ZNF579', 'ZNF581', 'ZNF582', 'ZNF584', 'ZNF585B', 'ZNF586', 'ZNF589', 'ZNF595', 'ZNF596', 'ZNF597', 'ZNF610', 'ZNF618', 'ZNF623', 'ZNF626', 'ZNF660', 'ZNF664', 'ZNF667', 'ZNF669', 'ZNF677', 'ZNF704', 'ZNF707', 'ZNF708', 'ZNF711', 'ZNF740', 'ZNF746', 'ZNF766', 'ZNF768', 'ZNF774', 'ZNF776', 'ZNF784', 'ZNF785', 'ZNF791', 'ZNF7', 'ZNF816', 'ZNF830', 'ZNF837', 'ZNF843', 'ZNF85', 'ZNF8', 'ZNF92', 'ZSCAN18', 'ZSCAN21', 'ZSCAN23', 'ZSCAN26', 'ZSCAN2', 'ZSCAN30', 'ZSCAN31', 'ZSCAN4', 'ZSCAN5B', 'ZSCAN5C', 'ZSCAN5DP', 'ZZZ3']",427
A1CF,AP3M2,"['ADCYAP1', 'ADNP', 'AEBP2', 'AHRR', 'ALKBH3', 'ALX4', 'ARHGAP35', 'ARID3B', 'ARID5B', 'ARNT2', 'ASH1L', 'ASXL2', 'ATF5', 'ATF6', 'ATM', 'ATOH8', 'ATXN7L3', 'AUTS2', 'BAHD1', 'BANP', 'BARX1', 'BARX2', 'BCL6B', 'BDP1', 'BPTF', 'BRF1', 'BRF2', 'CARM1', 'CASP8AP2', 'CAVIN1', 'CBX5', 'CBX7', 'CC2D1A', 'CDC5L', 'CDC73', 'CDH4', 'CDX1', 'CEBPE', 'CEBPZ', 'CENPT', 'CHAF1A', 'CHAF1B', 'CIITA', 'COIL', 'CREB3L2', 'CREB3L4', 'CREB3', 'CREBL2', 'CTR9', 'CUX1', 'DACH1', 'DBP', 'DICER1', 'DIDO1', 'DLX2', 'DLX4', 'DMRT1', 'DNMT1', 'DNMT3A', 'DPPA3', 'DROSHA', 'DYRK1A', 'E2F2', 'E2F5', 'EBNA1BP2', 'EGFR', 'ELF2', 'ELF5', 'EMX1', 'EPC1', 'ERCC8', 'EWSR1', 'F10', 'FEV', 'FOXC1', 'FOXD2', 'FOXD3', 'FOXE1', 'FOXF1', 'FOXF2', 'FOXG1', 'FOXJ2', 'FOXN3', 'FOXQ1', 'FXR1', 'GLI3', 'GLI4', 'GREB1', 'GTF2A2', 'GTF2E2', 'GTF3A', 'GTF3C1', 'GUCY1B1', 'H1_6', 'HDAC4', 'HDAC8', 'HDGF', 'HES2', 'HES4', 'HEY2', 'HHEX', 'HJURP', 'HMG20B', 'HMGB2', 'HOXA10', 'HOXA13', 'HOXA7', 'HOXB4', 'HOXB6', 'HOXB7', 'HOXC11', 'HOXC13', 'HOXC6', 'HOXD11', 'HSD17B8', 'HSF4', 'ID1', 'ID2', 'IGF1R', 'IGLV5_37', 'ILK', 'INSM2', 'IRF5', 'IRX2', 'IRX3', 'KAT2A', 'KAT5', 'KDM1B', 'KLF14', 'KMT2D', 'LAMB3', 'LCORL', 'LHX2', 'LHX3', 'LHX4', 'LHX9', 'LMNB2', 'LMTK3', 'LMX1B', 'MAFG', 'MAP2K1', 'MAPK3', 'MCM3', 'MCM5', 'MDM2', 'MED16', 'MED25', 'MEF2C', 'MEF2D', 'METHYLCYTOSINE_DIOXYGENASE_TET_UNIPROT_A0A023HHK9_UNREVIEWED', 'METTL14', 'MIER1', 'MNX1', 'MPHOSPH8', 'MSX1', 'MSX2', 'MTHFD1', 'MXD1', 'MYBL1', 'MYF6', 'MYOCD', 'NAB2', 'NCOA4', 'NCOA6', 'NEUROD2', 'NEUROG3', 'NFE2L3', 'NKX2_2', 'NKX2_3', 'NKX2_5', 'NKX2_8', 'NKX6_1', 'NME2', 'NOTCH3', 'NPAT', 'NPM1', 'NR1D1', 'NR1I2', 'NR2E3', 'NR4A2', 'NRF2', 'NUFIP1', 'NUP214', 'OVOL3', 'PAF1', 'PAX3', 'PAX6', 'PAX7', 'PAX8', 'PBRM1', 'PBXIP1', 'PCGF1', 'PER1', 'PGBD5', 'PHB2', 'PHF21A', 'PIAS4', 'PITX1', 'POU2AF1', 'PPARA', 'PPARGC1A', 'PRDM12', 'PRDM4', 'PRDM5', 'PRKDC', 'PSIP1', 'PSMB5', 'PTPRA', 'PTTG1', 'RAG1', 'RAX2', 'RBL1', 'RBM15', 'RBM17', 'RBM34', 'REPIN1', 'RFX7', 'RORA', 'RPA1', 'RUVBL1', 'RUVBL2', 'RYBP', 'SAFB2', 'SALL4', 'SETBP1', 'SETD1A', 'SETD7', 'SFMBT1', 'SIPA1', 'SIRT3', 'SIX1', 'SIX4', 'SKIL', 'SKP2', 'SMARCA1', 'SMCHD1', 'SMN1_SMN2', 'SNAI1', 'SNAPC4', 'SNIP1', 'SNRNP70', 'SOX10', 'SOX15', 'SOX3', 'SQSTM1', 'SRPK1', 'SRSF9', 'SS18_SSX1_FUSION_UNIPROT_Q8IZH1_UNREVIEWED', 'STN1', 'SUPT16H', 'SUPT20H', 'SVIL', 'TAF9B', 'TAFAZZIN', 'TASOR', 'TBPL1', 'TBX3', 'TDRD3', 'TEAD2', 'TERF1', 'TERF2', 'TERT', 'TET1', 'TFAM', 'TFCP2', 'TFDP2', 'TFEB', 'THRAP3', 'THRA', 'TOP2B', 'TOX4', 'TRIP13', 'TSHZ1', 'UBN1', 'VRTN', 'WDHD1', 'WIZ', 'WRNIP1', 'YBX1', 'YBX3', 'ZA_UNIPROT_Q9UM89_UNREVIEWED_GENES', 'ZBED4', 'ZBED5', 'ZBTB12', 'ZBTB18', 'ZBTB1', 'ZBTB44', 'ZBTB5', 'ZC3H11A', 'ZFHX3', 'ZFP28', 'ZFP36L1', 'ZFP37', 'ZFP3', 'ZFP82', 'ZFP91', 'ZIM3', 'ZMYM2', 'ZMYND11', 'ZNF101', 'ZNF10', 'ZNF133', 'ZNF134', 'ZNF136', 'ZNF138', 'ZNF140', 'ZNF146', 'ZNF157', 'ZNF165', 'ZNF169', 'ZNF175', 'ZNF184', 'ZNF197', 'ZNF19', 'ZNF202', 'ZNF20', 'ZNF213', 'ZNF223', 'ZNF224', 'ZNF22', 'ZNF236', 'ZNF239', 'ZNF23', 'ZNF248', 'ZNF250', 'ZNF257', 'ZNF260', 'ZNF26', 'ZNF282', 'ZNF292', 'ZNF2', 'ZNF302', 'ZNF30', 'ZNF320', 'ZNF322', 'ZNF350', 'ZNF354A', 'ZNF354B', 'ZNF354C', 'ZNF362', 'ZNF37A', 'ZNF394', 'ZNF404', 'ZNF407', 'ZNF410', 'ZNF416', 'ZNF418', 'ZNF423', 'ZNF433', 'ZNF436', 'ZNF445', 'ZNF454', 'ZNF486', 'ZNF491', 'ZNF493', 'ZNF501', 'ZNF502', 'ZNF507', 'ZNF510', 'ZNF512B', 'ZNF512', 'ZNF513', 'ZNF514', 'ZNF524', 'ZNF528', 'ZNF529', 'ZNF532', 'ZNF544', 'ZNF547', 'ZNF549', 'ZNF558', 'ZNF560', 'ZNF561', 'ZNF563', 'ZNF577', 'ZNF579', 'ZNF581', 'ZNF582', 'ZNF584', 'ZNF585B', 'ZNF586', 'ZNF589', 'ZNF595', 'ZNF596', 'ZNF597', 'ZNF610', 'ZNF618', 'ZNF623', 'ZNF626', 'ZNF660', 'ZNF664', 'ZNF667', 'ZNF669', 'ZNF677', 'ZNF704', 'ZNF707', 'ZNF708', 'ZNF711', 'ZNF740', 'ZNF746', 'ZNF766', 'ZNF768', 'ZNF774', 'ZNF776', 'ZNF784', 'ZNF785', 'ZNF791', 'ZNF7', 'ZNF816', 'ZNF830', 'ZNF837', 'ZNF843', 'ZNF85', 'ZNF8', 'ZNF92', 'ZSCAN18', 'ZSCAN21', 'ZSCAN23', 'ZSCAN26', 'ZSCAN2', 'ZSCAN30', 'ZSCAN31', 'ZSCAN4', 'ZSCAN5B', 'ZSCAN5C', 'ZSCAN5DP', 'ZZZ3']",427
A1CF,FAN1,"['ADCYAP1', 'ADNP', 'AEBP2', 'AHRR', 'ALKBH3', 'ALX4', 'ARHGAP35', 'ARID3B', 'ARID5B', 'ARNT2', 'ASH1L', 'ASXL2', 'ATF5', 'ATF6', 'ATM', 'ATOH8', 'ATXN7L3', 'AUTS2', 'BAHD1', 'BANP', 'BARX1', 'BARX2', 'BCL6B', 'BDP1', 'BPTF', 'BRF1', 'BRF2', 'CARM1', 'CASP8AP2', 'CAVIN1', 'CBX5', 'CBX7', 'CC2D1A', 'CDC5L', 'CDC73', 'CDH4', 'CDX1', 'CEBPE', 'CEBPZ', 'CENPT', 'CHAF1A', 'CHAF1B', 'CIITA', 'COIL', 'CREB3L2', 'CREB3L4', 'CREB3', 'CREBL2', 'CTR9', 'CUX1', 'DACH1', 'DBP', 'DICER1', 'DIDO1', 'DLX2', 'DLX4', 'DMRT1', 'DNMT1', 'DNMT3A', 'DPPA3', 'DROSHA', 'DYRK1A', 'E2F2', 'E2F5', 'EBNA1BP2', 'EGFR', 'ELF2', 'ELF5', 'EMX1', 'EPC1', 'ERCC8', 'EWSR1', 'F10', 'FEV', 'FOXC1', 'FOXD2', 'FOXD3', 'FOXE1', 'FOXF1', 'FOXF2', 'FOXG1', 'FOXJ2', 'FOXN3', 'FOXQ1', 'FXR1', 'GLI3', 'GLI4', 'GREB1', 'GTF2A2', 'GTF2E2', 'GTF3A', 'GTF3C1', 'GUCY1B1', 'H1_6', 'HDAC4', 'HDAC8', 'HDGF', 'HES2', 'HES4', 'HEY2', 'HHEX', 'HJURP', 'HMG20B', 'HMGB2', 'HOXA10', 'HOXA13', 'HOXA7', 'HOXB4', 'HOXB6', 'HOXB7', 'HOXC11', 'HOXC13', 'HOXC6', 'HOXD11', 'HSD17B8', 'HSF4', 'ID1', 'ID2', 'IGF1R', 'IGLV5_37', 'ILK', 'INSM2', 'IRF5', 'IRX2', 'IRX3', 'KAT2A', 'KAT5', 'KDM1B', 'KLF14', 'KMT2D', 'LAMB3', 'LCORL', 'LHX2', 'LHX3', 'LHX4', 'LHX9', 'LMNB2', 'LMTK3', 'LMX1B', 'MAFG', 'MAP2K1', 'MAPK3', 'MCM3', 'MCM5', 'MDM2', 'MED16', 'MED25', 'MEF2C', 'MEF2D', 'METHYLCYTOSINE_DIOXYGENASE_TET_UNIPROT_A0A023HHK9_UNREVIEWED', 'METTL14', 'MIER1', 'MNX1', 'MPHOSPH8', 'MSX1', 'MSX2', 'MTHFD1', 'MXD1', 'MYBL1', 'MYF6', 'MYOCD', 'NAB2', 'NCOA4', 'NCOA6', 'NEUROD2', 'NEUROG3', 'NFE2L3', 'NKX2_2', 'NKX2_3', 'NKX2_5', 'NKX2_8', 'NKX6_1', 'NME2', 'NOTCH3', 'NPAT', 'NPM1', 'NR1D1', 'NR1I2', 'NR2E3', 'NR4A2', 'NRF2', 'NUFIP1', 'NUP214', 'OVOL3', 'PAF1', 'PAX3', 'PAX6', 'PAX7', 'PAX8', 'PBRM1', 'PBXIP1', 'PCGF1', 'PER1', 'PGBD5', 'PHB2', 'PHF21A', 'PIAS4', 'PITX1', 'POU2AF1', 'PPARA', 'PPARGC1A', 'PRDM12', 'PRDM4', 'PRDM5', 'PRKDC', 'PSIP1', 'PSMB5', 'PTPRA', 'PTTG1', 'RAG1', 'RAX2', 'RBL1', 'RBM15', 'RBM17', 'RBM34', 'REPIN1', 'RFX7', 'RORA', 'RPA1', 'RUVBL1', 'RUVBL2', 'RYBP', 'SAFB2', 'SALL4', 'SETBP1', 'SETD1A', 'SETD7', 'SFMBT1', 'SIPA1', 'SIRT3', 'SIX1', 'SIX4', 'SKIL', 'SKP2', 'SMARCA1', 'SMCHD1', 'SMN1_SMN2', 'SNAI1', 'SNAPC4', 'SNIP1', 'SNRNP70', 'SOX10', 'SOX15', 'SOX3', 'SQSTM1', 'SRPK1', 'SRSF9', 'SS18_SSX1_FUSION_UNIPROT_Q8IZH1_UNREVIEWED', 'STN1', 'SUPT16H', 'SUPT20H', 'SVIL', 'TAF9B', 'TAFAZZIN', 'TASOR', 'TBPL1', 'TBX3', 'TDRD3', 'TEAD2', 'TERF1', 'TERF2', 'TERT', 'TET1', 'TFAM', 'TFCP2', 'TFDP2', 'TFEB', 'THRAP3', 'THRA', 'TOP2B', 'TOX4', 'TRIP13', 'TSHZ1', 'UBN1', 'VRTN', 'WDHD1', 'WIZ', 'WRNIP1', 'YBX1', 'YBX3', 'ZA_UNIPROT_Q9UM89_UNREVIEWED_GENES', 'ZBED4', 'ZBED5', 'ZBTB12', 'ZBTB18', 'ZBTB1', 'ZBTB44', 'ZBTB5', 'ZC3H11A', 'ZFHX3', 'ZFP28', 'ZFP36L1', 'ZFP37', 'ZFP3', 'ZFP82', 'ZFP91', 'ZIM3', 'ZMYM2', 'ZMYND11', 'ZNF101', 'ZNF10', 'ZNF133', 'ZNF134', 'ZNF136', 'ZNF138', 'ZNF140', 'ZNF146', 'ZNF157', 'ZNF165', 'ZNF169', 'ZNF175', 'ZNF184', 'ZNF197', 'ZNF19', 'ZNF202', 'ZNF20', 'ZNF213', 'ZNF223', 'ZNF224', 'ZNF22', 'ZNF236', 'ZNF239', 'ZNF23', 'ZNF248', 'ZNF250', 'ZNF257', 'ZNF260', 'ZNF26', 'ZNF282', 'ZNF292', 'ZNF2', 'ZNF302', 'ZNF30', 'ZNF320', 'ZNF322', 'ZNF350', 'ZNF354A', 'ZNF354B', 'ZNF354C', 'ZNF362', 'ZNF37A', 'ZNF394', 'ZNF404', 'ZNF407', 'ZNF410', 'ZNF416', 'ZNF418', 'ZNF423', 'ZNF433', 'ZNF436', 'ZNF445', 'ZNF454', 'ZNF486', 'ZNF491', 'ZNF493', 'ZNF501', 'ZNF502', 'ZNF507', 'ZNF510', 'ZNF512B', 'ZNF512', 'ZNF513', 'ZNF514', 'ZNF524', 'ZNF528', 'ZNF529', 'ZNF532', 'ZNF544', 'ZNF547', 'ZNF549', 'ZNF558', 'ZNF560', 'ZNF561', 'ZNF563', 'ZNF577', 'ZNF579', 'ZNF581', 'ZNF582', 'ZNF584', 'ZNF585B', 'ZNF586', 'ZNF589', 'ZNF595', 'ZNF596', 'ZNF597', 'ZNF610', 'ZNF618', 'ZNF623', 'ZNF626', 'ZNF660', 'ZNF664', 'ZNF667', 'ZNF669', 'ZNF677', 'ZNF704', 'ZNF707', 'ZNF708', 'ZNF711', 'ZNF740', 'ZNF746', 'ZNF766', 'ZNF768', 'ZNF774', 'ZNF776', 'ZNF784', 'ZNF785', 'ZNF791', 'ZNF7', 'ZNF816', 'ZNF830', 'ZNF837', 'ZNF843', 'ZNF85', 'ZNF8', 'ZNF92', 'ZSCAN18', 'ZSCAN21', 'ZSCAN23', 'ZSCAN26', 'ZSCAN2', 'ZSCAN30', 'ZSCAN31', 'ZSCAN4', 'ZSCAN5B', 'ZSCAN5C', 'ZSCAN5DP', 'ZZZ3']",427
A1CF,GALNT11,"['ADCYAP1', 'ADNP', 'AEBP2', 'AHRR', 'ALKBH3', 'ALX4', 'ARHGAP35', 'ARID3B', 'ARID5B', 'ARNT2', 'ASH1L', 'ASXL2', 'ATF5', 'ATF6', 'ATM', 'ATOH8', 'ATXN7L3', 'AUTS2', 'BAHD1', 'BANP', 'BARX1', 'BARX2', 'BCL6B', 'BDP1', 'BPTF', 'BRF1', 'BRF2', 'CARM1', 'CASP8AP2', 'CAVIN1', 'CBX5', 'CBX7', 'CC2D1A', 'CDC5L', 'CDC73', 'CDH4', 'CDX1', 'CEBPE', 'CEBPZ', 'CENPT', 'CHAF1A', 'CHAF1B', 'CIITA', 'COIL', 'CREB3L2', 'CREB3L4', 'CREB3', 'CREBL2', 'CTR9', 'CUX1', 'DACH1', 'DBP', 'DICER1', 'DIDO1', 'DLX2', 'DLX4', 'DMRT1', 'DNMT1', 'DNMT3A', 'DPPA3', 'DROSHA', 'DYRK1A', 'E2F2', 'E2F5', 'EBNA1BP2', 'EGFR', 'ELF2', 'ELF5', 'EMX1', 'EPC1', 'ERCC8', 'EWSR1', 'F10', 'FEV', 'FOXC1', 'FOXD2', 'FOXD3', 'FOXE1', 'FOXF1', 'FOXF2', 'FOXG1', 'FOXJ2', 'FOXN3', 'FOXQ1', 'FXR1', 'GLI3', 'GLI4', 'GREB1', 'GTF2A2', 'GTF2E2', 'GTF3A', 'GTF3C1', 'GUCY1B1', 'H1_6', 'HDAC4', 'HDAC8', 'HDGF', 'HES2', 'HES4', 'HEY2', 'HHEX', 'HJURP', 'HMG20B', 'HMGB2', 'HOXA10', 'HOXA13', 'HOXA7', 'HOXB4', 'HOXB6', 'HOXB7', 'HOXC11', 'HOXC13', 'HOXC6', 'HOXD11', 'HSD17B8', 'HSF4', 'ID1', 'ID2', 'IGF1R', 'IGLV5_37', 'ILK', 'INSM2', 'IRF5', 'IRX2', 'IRX3', 'KAT2A', 'KAT5', 'KDM1B', 'KLF14', 'KMT2D', 'LAMB3', 'LCORL', 'LHX2', 'LHX3', 'LHX4', 'LHX9', 'LMNB2', 'LMTK3', 'LMX1B', 'MAFG', 'MAP2K1', 'MAPK3', 'MCM3', 'MCM5', 'MDM2', 'MED16', 'MED25', 'MEF2C', 'MEF2D', 'METHYLCYTOSINE_DIOXYGENASE_TET_UNIPROT_A0A023HHK9_UNREVIEWED', 'METTL14', 'MIER1', 'MNX1', 'MPHOSPH8', 'MSX1', 'MSX2', 'MTHFD1', 'MXD1', 'MYBL1', 'MYF6', 'MYOCD', 'NAB2', 'NCOA4', 'NCOA6', 'NEUROD2', 'NEUROG3', 'NFE2L3', 'NKX2_2', 'NKX2_3', 'NKX2_5', 'NKX2_8', 'NKX6_1', 'NME2', 'NOTCH3', 'NPAT', 'NPM1', 'NR1D1', 'NR1I2', 'NR2E3', 'NR4A2', 'NRF2', 'NUFIP1', 'NUP214', 'OVOL3', 'PAF1', 'PAX3', 'PAX6', 'PAX7', 'PAX8', 'PBRM1', 'PBXIP1', 'PCGF1', 'PER1', 'PGBD5', 'PHB2', 'PHF21A', 'PIAS4', 'PITX1', 'POU2AF1', 'PPARA', 'PPARGC1A', 'PRDM12', 'PRDM4', 'PRDM5', 'PRKDC', 'PSIP1', 'PSMB5', 'PTPRA', 'PTTG1', 'RAG1', 'RAX2', 'RBL1', 'RBM15', 'RBM17', 'RBM34', 'REPIN1', 'RFX7', 'RORA', 'RPA1', 'RUVBL1', 'RUVBL2', 'RYBP', 'SAFB2', 'SALL4', 'SETBP1', 'SETD1A', 'SETD7', 'SFMBT1', 'SIPA1', 'SIRT3', 'SIX1', 'SIX4', 'SKIL', 'SKP2', 'SMARCA1', 'SMCHD1', 'SMN1_SMN2', 'SNAI1', 'SNAPC4', 'SNIP1', 'SNRNP70', 'SOX10', 'SOX15', 'SOX3', 'SQSTM1', 'SRPK1', 'SRSF9', 'SS18_SSX1_FUSION_UNIPROT_Q8IZH1_UNREVIEWED', 'STN1', 'SUPT16H', 'SUPT20H', 'SVIL', 'TAF9B', 'TAFAZZIN', 'TASOR', 'TBPL1', 'TBX3', 'TDRD3', 'TEAD2', 'TERF1', 'TERF2', 'TERT', 'TET1', 'TFAM', 'TFCP2', 'TFDP2', 'TFEB', 'THRAP3', 'THRA', 'TOP2B', 'TOX4', 'TRIP13', 'TSHZ1', 'UBN1', 'VRTN', 'WDHD1', 'WIZ', 'WRNIP1', 'YBX1', 'YBX3', 'ZA_UNIPROT_Q9UM89_UNREVIEWED_GENES', 'ZBED4', 'ZBED5', 'ZBTB12', 'ZBTB18', 'ZBTB1', 'ZBTB44', 'ZBTB5', 'ZC3H11A', 'ZFHX3', 'ZFP28', 'ZFP36L1', 'ZFP37', 'ZFP3', 'ZFP82', 'ZFP91', 'ZIM3', 'ZMYM2', 'ZMYND11', 'ZNF101', 'ZNF10', 'ZNF133', 'ZNF134', 'ZNF136', 'ZNF138', 'ZNF140', 'ZNF146', 'ZNF157', 'ZNF165', 'ZNF169', 'ZNF175', 'ZNF184', 'ZNF197', 'ZNF19', 'ZNF202', 'ZNF20', 'ZNF213', 'ZNF223', 'ZNF224', 'ZNF22', 'ZNF236', 'ZNF239', 'ZNF23', 'ZNF248', 'ZNF250', 'ZNF257', 'ZNF260', 'ZNF26', 'ZNF282', 'ZNF292', 'ZNF2', 'ZNF302', 'ZNF30', 'ZNF320', 'ZNF322', 'ZNF350', 'ZNF354A', 'ZNF354B', 'ZNF354C', 'ZNF362', 'ZNF37A', 'ZNF394', 'ZNF404', 'ZNF407', 'ZNF410', 'ZNF416', 'ZNF418', 'ZNF423', 'ZNF433', 'ZNF436', 'ZNF445', 'ZNF454', 'ZNF486', 'ZNF491', 'ZNF493', 'ZNF501', 'ZNF502', 'ZNF507', 'ZNF510', 'ZNF512B', 'ZNF512', 'ZNF513', 'ZNF514', 'ZNF524', 'ZNF528', 'ZNF529', 'ZNF532', 'ZNF544', 'ZNF547', 'ZNF549', 'ZNF558', 'ZNF560', 'ZNF561', 'ZNF563', 'ZNF577', 'ZNF579', 'ZNF581', 'ZNF582', 'ZNF584', 'ZNF585B', 'ZNF586', 'ZNF589', 'ZNF595', 'ZNF596', 'ZNF597', 'ZNF610', 'ZNF618', 'ZNF623', 'ZNF626', 'ZNF660', 'ZNF664', 'ZNF667', 'ZNF669', 'ZNF677', 'ZNF704', 'ZNF707', 'ZNF708', 'ZNF711', 'ZNF740', 'ZNF746', 'ZNF766', 'ZNF768', 'ZNF774', 'ZNF776', 'ZNF784', 'ZNF785', 'ZNF791', 'ZNF7', 'ZNF816', 'ZNF830', 'ZNF837', 'ZNF843', 'ZNF85', 'ZNF8', 'ZNF92', 'ZSCAN18', 'ZSCAN21', 'ZSCAN23', 'ZSCAN26', 'ZSCAN2', 'ZSCAN30', 'ZSCAN31', 'ZSCAN4', 'ZSCAN5B', 'ZSCAN5C', 'ZSCAN5DP', 'ZZZ3']",427
A1CF,DPH1,"['ADCYAP1', 'ADNP', 'AEBP2', 'AHRR', 'ALKBH3', 'ALX4', 'ARHGAP35', 'ARID3B', 'ARID5B', 'ARNT2', 'ASH1L', 'ASXL2', 'ATF5', 'ATF6', 'ATM', 'ATOH8', 'ATXN7L3', 'AUTS2', 'BAHD1', 'BANP', 'BARX1', 'BARX2', 'BCL6B', 'BDP1', 'BPTF', 'BRF1', 'BRF2', 'CARM1', 'CASP8AP2', 'CAVIN1', 'CBX5', 'CBX7', 'CC2D1A', 'CDC5L', 'CDC73', 'CDH4', 'CDX1', 'CEBPE', 'CEBPZ', 'CENPT', 'CHAF1A', 'CHAF1B', 'CIITA', 'COIL', 'CREB3L2', 'CREB3L4', 'CREB3', 'CREBL2', 'CTR9', 'CUX1', 'DACH1', 'DBP', 'DICER1', 'DIDO1', 'DLX2', 'DLX4', 'DMRT1', 'DNMT1', 'DNMT3A', 'DPPA3', 'DROSHA', 'DYRK1A', 'E2F2', 'E2F5', 'EBNA1BP2', 'EGFR', 'ELF2', 'ELF5', 'EMX1', 'EPC1', 'ERCC8', 'EWSR1', 'F10', 'FEV', 'FOXC1', 'FOXD2', 'FOXD3', 'FOXE1', 'FOXF1', 'FOXF2', 'FOXG1', 'FOXJ2', 'FOXN3', 'FOXQ1', 'FXR1', 'GLI3', 'GLI4', 'GREB1', 'GTF2A2', 'GTF2E2', 'GTF3A', 'GTF3C1', 'GUCY1B1', 'H1_6', 'HDAC4', 'HDAC8', 'HDGF', 'HES2', 'HES4', 'HEY2', 'HHEX', 'HJURP', 'HMG20B', 'HMGB2', 'HOXA10', 'HOXA13', 'HOXA7', 'HOXB4', 'HOXB6', 'HOXB7', 'HOXC11', 'HOXC13', 'HOXC6', 'HOXD11', 'HSD17B8', 'HSF4', 'ID1', 'ID2', 'IGF1R', 'IGLV5_37', 'ILK', 'INSM2', 'IRF5', 'IRX2', 'IRX3', 'KAT2A', 'KAT5', 'KDM1B', 'KLF14', 'KMT2D', 'LAMB3', 'LCORL', 'LHX2', 'LHX3', 'LHX4', 'LHX9', 'LMNB2', 'LMTK3', 'LMX1B', 'MAFG', 'MAP2K1', 'MAPK3', 'MCM3', 'MCM5', 'MDM2', 'MED16', 'MED25', 'MEF2C', 'MEF2D', 'METHYLCYTOSINE_DIOXYGENASE_TET_UNIPROT_A0A023HHK9_UNREVIEWED', 'METTL14', 'MIER1', 'MNX1', 'MPHOSPH8', 'MSX1', 'MSX2', 'MTHFD1', 'MXD1', 'MYBL1', 'MYF6', 'MYOCD', 'NAB2', 'NCOA4', 'NCOA6', 'NEUROD2', 'NEUROG3', 'NFE2L3', 'NKX2_2', 'NKX2_3', 'NKX2_5', 'NKX2_8', 'NKX6_1', 'NME2', 'NOTCH3', 'NPAT', 'NPM1', 'NR1D1', 'NR1I2', 'NR2E3', 'NR4A2', 'NRF2', 'NUFIP1', 'NUP214', 'OVOL3', 'PAF1', 'PAX3', 'PAX6', 'PAX7', 'PAX8', 'PBRM1', 'PBXIP1', 'PCGF1', 'PER1', 'PGBD5', 'PHB2', 'PHF21A', 'PIAS4', 'PITX1', 'POU2AF1', 'PPARA', 'PPARGC1A', 'PRDM12', 'PRDM4', 'PRDM5', 'PRKDC', 'PSIP1', 'PSMB5', 'PTPRA', 'PTTG1', 'RAG1', 'RAX2', 'RBL1', 'RBM15', 'RBM17', 'RBM34', 'REPIN1', 'RFX7', 'RORA', 'RPA1', 'RUVBL1', 'RUVBL2', 'RYBP', 'SAFB2', 'SALL4', 'SETBP1', 'SETD1A', 'SETD7', 'SFMBT1', 'SIPA1', 'SIRT3', 'SIX1', 'SIX4', 'SKIL', 'SKP2', 'SMARCA1', 'SMCHD1', 'SMN1_SMN2', 'SNAI1', 'SNAPC4', 'SNIP1', 'SNRNP70', 'SOX10', 'SOX15', 'SOX3', 'SQSTM1', 'SRPK1', 'SRSF9', 'SS18_SSX1_FUSION_UNIPROT_Q8IZH1_UNREVIEWED', 'STN1', 'SUPT16H', 'SUPT20H', 'SVIL', 'TAF9B', 'TAFAZZIN', 'TASOR', 'TBPL1', 'TBX3', 'TDRD3', 'TEAD2', 'TERF1', 'TERF2', 'TERT', 'TET1', 'TFAM', 'TFCP2', 'TFDP2', 'TFEB', 'THRAP3', 'THRA', 'TOP2B', 'TOX4', 'TRIP13', 'TSHZ1', 'UBN1', 'VRTN', 'WDHD1', 'WIZ', 'WRNIP1', 'YBX1', 'YBX3', 'ZA_UNIPROT_Q9UM89_UNREVIEWED_GENES', 'ZBED4', 'ZBED5', 'ZBTB12', 'ZBTB18', 'ZBTB1', 'ZBTB44', 'ZBTB5', 'ZC3H11A', 'ZFHX3', 'ZFP28', 'ZFP36L1', 'ZFP37', 'ZFP3', 'ZFP82', 'ZFP91', 'ZIM3', 'ZMYM2', 'ZMYND11', 'ZNF101', 'ZNF10', 'ZNF133', 'ZNF134', 'ZNF136', 'ZNF138', 'ZNF140', 'ZNF146', 'ZNF157', 'ZNF165', 'ZNF169', 'ZNF175', 'ZNF184', 'ZNF197', 'ZNF19', 'ZNF202', 'ZNF20', 'ZNF213', 'ZNF223', 'ZNF224', 'ZNF22', 'ZNF236', 'ZNF239', 'ZNF23', 'ZNF248', 'ZNF250', 'ZNF257', 'ZNF260', 'ZNF26', 'ZNF282', 'ZNF292', 'ZNF2', 'ZNF302', 'ZNF30', 'ZNF320', 'ZNF322', 'ZNF350', 'ZNF354A', 'ZNF354B', 'ZNF354C', 'ZNF362', 'ZNF37A', 'ZNF394', 'ZNF404', 'ZNF407', 'ZNF410', 'ZNF416', 'ZNF418', 'ZNF423', 'ZNF433', 'ZNF436', 'ZNF445', 'ZNF454', 'ZNF486', 'ZNF491', 'ZNF493', 'ZNF501', 'ZNF502', 'ZNF507', 'ZNF510', 'ZNF512B', 'ZNF512', 'ZNF513', 'ZNF514', 'ZNF524', 'ZNF528', 'ZNF529', 'ZNF532', 'ZNF544', 'ZNF547', 'ZNF549', 'ZNF558', 'ZNF560', 'ZNF561', 'ZNF563', 'ZNF577', 'ZNF579', 'ZNF581', 'ZNF582', 'ZNF584', 'ZNF585B', 'ZNF586', 'ZNF589', 'ZNF595', 'ZNF596', 'ZNF597', 'ZNF610', 'ZNF618', 'ZNF623', 'ZNF626', 'ZNF660', 'ZNF664', 'ZNF667', 'ZNF669', 'ZNF677', 'ZNF704', 'ZNF707', 'ZNF708', 'ZNF711', 'ZNF740', 'ZNF746', 'ZNF766', 'ZNF768', 'ZNF774', 'ZNF776', 'ZNF784', 'ZNF785', 'ZNF791', 'ZNF7', 'ZNF816', 'ZNF830', 'ZNF837', 'ZNF843', 'ZNF85', 'ZNF8', 'ZNF92', 'ZSCAN18', 'ZSCAN21', 'ZSCAN23', 'ZSCAN26', 'ZSCAN2', 'ZSCAN30', 'ZSCAN31', 'ZSCAN4', 'ZSCAN5B', 'ZSCAN5C', 'ZSCAN5DP', 'ZZZ3']",427
A1CF,UBIAD1,"['ADCYAP1', 'ADNP', 'AEBP2', 'AHRR', 'ALKBH3', 'ALX4', 'ARHGAP35', 'ARID3B', 'ARID5B', 'ARNT2', 'ASH1L', 'ASXL2', 'ATF5', 'ATF6', 'ATM', 'ATOH8', 'ATXN7L3', 'AUTS2', 'BAHD1', 'BANP', 'BARX1', 'BARX2', 'BCL6B', 'BDP1', 'BPTF', 'BRF1', 'BRF2', 'CARM1', 'CASP8AP2', 'CAVIN1', 'CBX5', 'CBX7', 'CC2D1A', 'CDC5L', 'CDC73', 'CDH4', 'CDX1', 'CEBPE', 'CEBPZ', 'CENPT', 'CHAF1A', 'CHAF1B', 'CIITA', 'COIL', 'CREB3L2', 'CREB3L4', 'CREB3', 'CREBL2', 'CTR9', 'CUX1', 'DACH1', 'DBP', 'DICER1', 'DIDO1', 'DLX2', 'DLX4', 'DMRT1', 'DNMT1', 'DNMT3A', 'DPPA3', 'DROSHA', 'DYRK1A', 'E2F2', 'E2F5', 'EBNA1BP2', 'EGFR', 'ELF2', 'ELF5', 'EMX1', 'EPC1', 'ERCC8', 'EWSR1', 'F10', 'FEV', 'FOXC1', 'FOXD2', 'FOXD3', 'FOXE1', 'FOXF1', 'FOXF2', 'FOXG1', 'FOXJ2', 'FOXN3', 'FOXQ1', 'FXR1', 'GLI3', 'GLI4', 'GREB1', 'GTF2A2', 'GTF2E2', 'GTF3A', 'GTF3C1', 'GUCY1B1', 'H1_6', 'HDAC4', 'HDAC8', 'HDGF', 'HES2', 'HES4', 'HEY2', 'HHEX', 'HJURP', 'HMG20B', 'HMGB2', 'HOXA10', 'HOXA13', 'HOXA7', 'HOXB4', 'HOXB6', 'HOXB7', 'HOXC11', 'HOXC13', 'HOXC6', 'HOXD11', 'HSD17B8', 'HSF4', 'ID1', 'ID2', 'IGF1R', 'IGLV5_37', 'ILK', 'INSM2', 'IRF5', 'IRX2', 'IRX3', 'KAT2A', 'KAT5', 'KDM1B', 'KLF14', 'KMT2D', 'LAMB3', 'LCORL', 'LHX2', 'LHX3', 'LHX4', 'LHX9', 'LMNB2', 'LMTK3', 'LMX1B', 'MAFG', 'MAP2K1', 'MAPK3', 'MCM3', 'MCM5', 'MDM2', 'MED16', 'MED25', 'MEF2C', 'MEF2D', 'METHYLCYTOSINE_DIOXYGENASE_TET_UNIPROT_A0A023HHK9_UNREVIEWED', 'METTL14', 'MIER1', 'MNX1', 'MPHOSPH8', 'MSX1', 'MSX2', 'MTHFD1', 'MXD1', 'MYBL1', 'MYF6', 'MYOCD', 'NAB2', 'NCOA4', 'NCOA6', 'NEUROD2', 'NEUROG3', 'NFE2L3', 'NKX2_2', 'NKX2_3', 'NKX2_5', 'NKX2_8', 'NKX6_1', 'NME2', 'NOTCH3', 'NPAT', 'NPM1', 'NR1D1', 'NR1I2', 'NR2E3', 'NR4A2', 'NRF2', 'NUFIP1', 'NUP214', 'OVOL3', 'PAF1', 'PAX3', 'PAX6', 'PAX7', 'PAX8', 'PBRM1', 'PBXIP1', 'PCGF1', 'PER1', 'PGBD5', 'PHB2', 'PHF21A', 'PIAS4', 'PITX1', 'POU2AF1', 'PPARA', 'PPARGC1A', 'PRDM12', 'PRDM4', 'PRDM5', 'PRKDC', 'PSIP1', 'PSMB5', 'PTPRA', 'PTTG1', 'RAG1', 'RAX2', 'RBL1', 'RBM15', 'RBM17', 'RBM34', 'REPIN1', 'RFX7', 'RORA', 'RPA1', 'RUVBL1', 'RUVBL2', 'RYBP', 'SAFB2', 'SALL4', 'SETBP1', 'SETD1A', 'SETD7', 'SFMBT1', 'SIPA1', 'SIRT3', 'SIX1', 'SIX4', 'SKIL', 'SKP2', 'SMARCA1', 'SMCHD1', 'SMN1_SMN2', 'SNAI1', 'SNAPC4', 'SNIP1', 'SNRNP70', 'SOX10', 'SOX15', 'SOX3', 'SQSTM1', 'SRPK1', 'SRSF9', 'SS18_SSX1_FUSION_UNIPROT_Q8IZH1_UNREVIEWED', 'STN1', 'SUPT16H', 'SUPT20H', 'SVIL', 'TAF9B', 'TAFAZZIN', 'TASOR', 'TBPL1', 'TBX3', 'TDRD3', 'TEAD2', 'TERF1', 'TERF2', 'TERT', 'TET1', 'TFAM', 'TFCP2', 'TFDP2', 'TFEB', 'THRAP3', 'THRA', 'TOP2B', 'TOX4', 'TRIP13', 'TSHZ1', 'UBN1', 'VRTN', 'WDHD1', 'WIZ', 'WRNIP1', 'YBX1', 'YBX3', 'ZA_UNIPROT_Q9UM89_UNREVIEWED_GENES', 'ZBED4', 'ZBED5', 'ZBTB12', 'ZBTB18', 'ZBTB1', 'ZBTB44', 'ZBTB5', 'ZC3H11A', 'ZFHX3', 'ZFP28', 'ZFP36L1', 'ZFP37', 'ZFP3', 'ZFP82', 'ZFP91', 'ZIM3', 'ZMYM2', 'ZMYND11', 'ZNF101', 'ZNF10', 'ZNF133', 'ZNF134', 'ZNF136', 'ZNF138', 'ZNF140', 'ZNF146', 'ZNF157', 'ZNF165', 'ZNF169', 'ZNF175', 'ZNF184', 'ZNF197', 'ZNF19', 'ZNF202', 'ZNF20', 'ZNF213', 'ZNF223', 'ZNF224', 'ZNF22', 'ZNF236', 'ZNF239', 'ZNF23', 'ZNF248', 'ZNF250', 'ZNF257', 'ZNF260', 'ZNF26', 'ZNF282', 'ZNF292', 'ZNF2', 'ZNF302', 'ZNF30', 'ZNF320', 'ZNF322', 'ZNF350', 'ZNF354A', 'ZNF354B', 'ZNF354C', 'ZNF362', 'ZNF37A', 'ZNF394', 'ZNF404', 'ZNF407', 'ZNF410', 'ZNF416', 'ZNF418', 'ZNF423', 'ZNF433', 'ZNF436', 'ZNF445', 'ZNF454', 'ZNF486', 'ZNF491', 'ZNF493', 'ZNF501', 'ZNF502', 'ZNF507', 'ZNF510', 'ZNF512B', 'ZNF512', 'ZNF513', 'ZNF514', 'ZNF524', 'ZNF528', 'ZNF529', 'ZNF532', 'ZNF544', 'ZNF547', 'ZNF549', 'ZNF558', 'ZNF560', 'ZNF561', 'ZNF563', 'ZNF577', 'ZNF579', 'ZNF581', 'ZNF582', 'ZNF584', 'ZNF585B', 'ZNF586', 'ZNF589', 'ZNF595', 'ZNF596', 'ZNF597', 'ZNF610', 'ZNF618', 'ZNF623', 'ZNF626', 'ZNF660', 'ZNF664', 'ZNF667', 'ZNF669', 'ZNF677', 'ZNF704', 'ZNF707', 'ZNF708', 'ZNF711', 'ZNF740', 'ZNF746', 'ZNF766', 'ZNF768', 'ZNF774', 'ZNF776', 'ZNF784', 'ZNF785', 'ZNF791', 'ZNF7', 'ZNF816', 'ZNF830', 'ZNF837', 'ZNF843', 'ZNF85', 'ZNF8', 'ZNF92', 'ZSCAN18', 'ZSCAN21', 'ZSCAN23', 'ZSCAN26', 'ZSCAN2', 'ZSCAN30', 'ZSCAN31', 'ZSCAN4', 'ZSCAN5B', 'ZSCAN5C', 'ZSCAN5DP', 'ZZZ3']",427
A1CF,SLC34A1,"['ADCYAP1', 'ADNP', 'AEBP2', 'AHRR', 'ALKBH3', 'ALX4', 'ARHGAP35', 'ARID3B', 'ARID5B', 'ARNT2', 'ASH1L', 'ASXL2', 'ATF5', 'ATF6', 'ATM', 'ATOH8', 'ATXN7L3', 'AUTS2', 'BAHD1', 'BANP', 'BARX1', 'BARX2', 'BCL6B', 'BDP1', 'BPTF', 'BRF1', 'BRF2', 'CARM1', 'CASP8AP2', 'CAVIN1', 'CBX5', 'CBX7', 'CC2D1A', 'CDC5L', 'CDC73', 'CDH4', 'CDX1', 'CEBPE', 'CEBPZ', 'CENPT', 'CHAF1A', 'CHAF1B', 'CIITA', 'COIL', 'CREB3L2', 'CREB3L4', 'CREB3', 'CREBL2', 'CTR9', 'CUX1', 'DACH1', 'DBP', 'DICER1', 'DIDO1', 'DLX2', 'DLX4', 'DMRT1', 'DNMT1', 'DNMT3A', 'DPPA3', 'DROSHA', 'DYRK1A', 'E2F2', 'E2F5', 'EBNA1BP2', 'EGFR', 'ELF2', 'ELF5', 'EMX1', 'EPC1', 'ERCC8', 'EWSR1', 'F10', 'FEV', 'FOXC1', 'FOXD2', 'FOXD3', 'FOXE1', 'FOXF1', 'FOXF2', 'FOXG1', 'FOXJ2', 'FOXN3', 'FOXQ1', 'FXR1', 'GLI3', 'GLI4', 'GREB1', 'GTF2A2', 'GTF2E2', 'GTF3A', 'GTF3C1', 'GUCY1B1', 'H1_6', 'HDAC4', 'HDAC8', 'HDGF', 'HES2', 'HES4', 'HEY2', 'HHEX', 'HJURP', 'HMG20B', 'HMGB2', 'HOXA10', 'HOXA13', 'HOXA7', 'HOXB4', 'HOXB6', 'HOXB7', 'HOXC11', 'HOXC13', 'HOXC6', 'HOXD11', 'HSD17B8', 'HSF4', 'ID1', 'ID2', 'IGF1R', 'IGLV5_37', 'ILK', 'INSM2', 'IRF5', 'IRX2', 'IRX3', 'KAT2A', 'KAT5', 'KDM1B', 'KLF14', 'KMT2D', 'LAMB3', 'LCORL', 'LHX2', 'LHX3', 'LHX4', 'LHX9', 'LMNB2', 'LMTK3', 'LMX1B', 'MAFG', 'MAP2K1', 'MAPK3', 'MCM3', 'MCM5', 'MDM2', 'MED16', 'MED25', 'MEF2C', 'MEF2D', 'METHYLCYTOSINE_DIOXYGENASE_TET_UNIPROT_A0A023HHK9_UNREVIEWED', 'METTL14', 'MIER1', 'MNX1', 'MPHOSPH8', 'MSX1', 'MSX2', 'MTHFD1', 'MXD1', 'MYBL1', 'MYF6', 'MYOCD', 'NAB2', 'NCOA4', 'NCOA6', 'NEUROD2', 'NEUROG3', 'NFE2L3', 'NKX2_2', 'NKX2_3', 'NKX2_5', 'NKX2_8', 'NKX6_1', 'NME2', 'NOTCH3', 'NPAT', 'NPM1', 'NR1D1', 'NR1I2', 'NR2E3', 'NR4A2', 'NRF2', 'NUFIP1', 'NUP214', 'OVOL3', 'PAF1', 'PAX3', 'PAX6', 'PAX7', 'PAX8', 'PBRM1', 'PBXIP1', 'PCGF1', 'PER1', 'PGBD5', 'PHB2', 'PHF21A', 'PIAS4', 'PITX1', 'POU2AF1', 'PPARA', 'PPARGC1A', 'PRDM12', 'PRDM4', 'PRDM5', 'PRKDC', 'PSIP1', 'PSMB5', 'PTPRA', 'PTTG1', 'RAG1', 'RAX2', 'RBL1', 'RBM15', 'RBM17', 'RBM34', 'REPIN1', 'RFX7', 'RORA', 'RPA1', 'RUVBL1', 'RUVBL2', 'RYBP', 'SAFB2', 'SALL4', 'SETBP1', 'SETD1A', 'SETD7', 'SFMBT1', 'SIPA1', 'SIRT3', 'SIX1', 'SIX4', 'SKIL', 'SKP2', 'SMARCA1', 'SMCHD1', 'SMN1_SMN2', 'SNAI1', 'SNAPC4', 'SNIP1', 'SNRNP70', 'SOX10', 'SOX15', 'SOX3', 'SQSTM1', 'SRPK1', 'SRSF9', 'SS18_SSX1_FUSION_UNIPROT_Q8IZH1_UNREVIEWED', 'STN1', 'SUPT16H', 'SUPT20H', 'SVIL', 'TAF9B', 'TAFAZZIN', 'TASOR', 'TBPL1', 'TBX3', 'TDRD3', 'TEAD2', 'TERF1', 'TERF2', 'TERT', 'TET1', 'TFAM', 'TFCP2', 'TFDP2', 'TFEB', 'THRAP3', 'THRA', 'TOP2B', 'TOX4', 'TRIP13', 'TSHZ1', 'UBN1', 'VRTN', 'WDHD1', 'WIZ', 'WRNIP1', 'YBX1', 'YBX3', 'ZA_UNIPROT_Q9UM89_UNREVIEWED_GENES', 'ZBED4', 'ZBED5', 'ZBTB12', 'ZBTB18', 'ZBTB1', 'ZBTB44', 'ZBTB5', 'ZC3H11A', 'ZFHX3', 'ZFP28', 'ZFP36L1', 'ZFP37', 'ZFP3', 'ZFP82', 'ZFP91', 'ZIM3', 'ZMYM2', 'ZMYND11', 'ZNF101', 'ZNF10', 'ZNF133', 'ZNF134', 'ZNF136', 'ZNF138', 'ZNF140', 'ZNF146', 'ZNF157', 'ZNF165', 'ZNF169', 'ZNF175', 'ZNF184', 'ZNF197', 'ZNF19', 'ZNF202', 'ZNF20', 'ZNF213', 'ZNF223', 'ZNF224', 'ZNF22', 'ZNF236', 'ZNF239', 'ZNF23', 'ZNF248', 'ZNF250', 'ZNF257', 'ZNF260', 'ZNF26', 'ZNF282', 'ZNF292', 'ZNF2', 'ZNF302', 'ZNF30', 'ZNF320', 'ZNF322', 'ZNF350', 'ZNF354A', 'ZNF354B', 'ZNF354C', 'ZNF362', 'ZNF37A', 'ZNF394', 'ZNF404', 'ZNF407', 'ZNF410', 'ZNF416', 'ZNF418', 'ZNF423', 'ZNF433', 'ZNF436', 'ZNF445', 'ZNF454', 'ZNF486', 'ZNF491', 'ZNF493', 'ZNF501', 'ZNF502', 'ZNF507', 'ZNF510', 'ZNF512B', 'ZNF512', 'ZNF513', 'ZNF514', 'ZNF524', 'ZNF528', 'ZNF529', 'ZNF532', 'ZNF544', 'ZNF547', 'ZNF549', 'ZNF558', 'ZNF560', 'ZNF561', 'ZNF563', 'ZNF577', 'ZNF579', 'ZNF581', 'ZNF582', 'ZNF584', 'ZNF585B', 'ZNF586', 'ZNF589', 'ZNF595', 'ZNF596', 'ZNF597', 'ZNF610', 'ZNF618', 'ZNF623', 'ZNF626', 'ZNF660', 'ZNF664', 'ZNF667', 'ZNF669', 'ZNF677', 'ZNF704', 'ZNF707', 'ZNF708', 'ZNF711', 'ZNF740', 'ZNF746', 'ZNF766', 'ZNF768', 'ZNF774', 'ZNF776', 'ZNF784', 'ZNF785', 'ZNF791', 'ZNF7', 'ZNF816', 'ZNF830', 'ZNF837', 'ZNF843', 'ZNF85', 'ZNF8', 'ZNF92', 'ZSCAN18', 'ZSCAN21', 'ZSCAN23', 'ZSCAN26', 'ZSCAN2', 'ZSCAN30', 'ZSCAN31', 'ZSCAN4', 'ZSCAN5B', 'ZSCAN5C', 'ZSCAN5DP', 'ZZZ3']",427
A1CF,CENPC,"['ADCYAP1', 'ADNP', 'AEBP2', 'AHRR', 'ALKBH3', 'ALX4', 'ARHGAP35', 'ARID3B', 'ARID5B', 'ARNT2', 'ASH1L', 'ASXL2', 'ATF5', 'ATF6', 'ATM', 'ATOH8', 'ATXN7L3', 'AUTS2', 'BAHD1', 'BANP', 'BARX1', 'BARX2', 'BCL6B', 'BDP1', 'BPTF', 'BRF1', 'BRF2', 'CARM1', 'CASP8AP2', 'CAVIN1', 'CBX5', 'CBX7', 'CC2D1A', 'CDC5L', 'CDC73', 'CDH4', 'CDX1', 'CEBPE', 'CEBPZ', 'CENPT', 'CHAF1A', 'CHAF1B', 'CIITA', 'COIL', 'CREB3L2', 'CREB3L4', 'CREB3', 'CREBL2', 'CTR9', 'CUX1', 'DACH1', 'DBP', 'DICER1', 'DIDO1', 'DLX2', 'DLX4', 'DMRT1', 'DNMT1', 'DNMT3A', 'DPPA3', 'DROSHA', 'DYRK1A', 'E2F2', 'E2F5', 'EBNA1BP2', 'EGFR', 'ELF2', 'ELF5', 'EMX1', 'EPC1', 'ERCC8', 'EWSR1', 'F10', 'FEV', 'FOXC1', 'FOXD2', 'FOXD3', 'FOXE1', 'FOXF1', 'FOXF2', 'FOXG1', 'FOXJ2', 'FOXN3', 'FOXQ1', 'FXR1', 'GLI3', 'GLI4', 'GREB1', 'GTF2A2', 'GTF2E2', 'GTF3A', 'GTF3C1', 'GUCY1B1', 'H1_6', 'HDAC4', 'HDAC8', 'HDGF', 'HES2', 'HES4', 'HEY2', 'HHEX', 'HJURP', 'HMG20B', 'HMGB2', 'HOXA10', 'HOXA13', 'HOXA7', 'HOXB4', 'HOXB6', 'HOXB7', 'HOXC11', 'HOXC13', 'HOXC6', 'HOXD11', 'HSD17B8', 'HSF4', 'ID1', 'ID2', 'IGF1R', 'IGLV5_37', 'ILK', 'INSM2', 'IRF5', 'IRX2', 'IRX3', 'KAT2A', 'KAT5', 'KDM1B', 'KLF14', 'KMT2D', 'LAMB3', 'LCORL', 'LHX2', 'LHX3', 'LHX4', 'LHX9', 'LMNB2', 'LMTK3', 'LMX1B', 'MAFG', 'MAP2K1', 'MAPK3', 'MCM3', 'MCM5', 'MDM2', 'MED16', 'MED25', 'MEF2C', 'MEF2D', 'METHYLCYTOSINE_DIOXYGENASE_TET_UNIPROT_A0A023HHK9_UNREVIEWED', 'METTL14', 'MIER1', 'MNX1', 'MPHOSPH8', 'MSX1', 'MSX2', 'MTHFD1', 'MXD1', 'MYBL1', 'MYF6', 'MYOCD', 'NAB2', 'NCOA4', 'NCOA6', 'NEUROD2', 'NEUROG3', 'NFE2L3', 'NKX2_2', 'NKX2_3', 'NKX2_5', 'NKX2_8', 'NKX6_1', 'NME2', 'NOTCH3', 'NPAT', 'NPM1', 'NR1D1', 'NR1I2', 'NR2E3', 'NR4A2', 'NRF2', 'NUFIP1', 'NUP214', 'OVOL3', 'PAF1', 'PAX3', 'PAX6', 'PAX7', 'PAX8', 'PBRM1', 'PBXIP1', 'PCGF1', 'PER1', 'PGBD5', 'PHB2', 'PHF21A', 'PIAS4', 'PITX1', 'POU2AF1', 'PPARA', 'PPARGC1A', 'PRDM12', 'PRDM4', 'PRDM5', 'PRKDC', 'PSIP1', 'PSMB5', 'PTPRA', 'PTTG1', 'RAG1', 'RAX2', 'RBL1', 'RBM15', 'RBM17', 'RBM34', 'REPIN1', 'RFX7', 'RORA', 'RPA1', 'RUVBL1', 'RUVBL2', 'RYBP', 'SAFB2', 'SALL4', 'SETBP1', 'SETD1A', 'SETD7', 'SFMBT1', 'SIPA1', 'SIRT3', 'SIX1', 'SIX4', 'SKIL', 'SKP2', 'SMARCA1', 'SMCHD1', 'SMN1_SMN2', 'SNAI1', 'SNAPC4', 'SNIP1', 'SNRNP70', 'SOX10', 'SOX15', 'SOX3', 'SQSTM1', 'SRPK1', 'SRSF9', 'SS18_SSX1_FUSION_UNIPROT_Q8IZH1_UNREVIEWED', 'STN1', 'SUPT16H', 'SUPT20H', 'SVIL', 'TAF9B', 'TAFAZZIN', 'TASOR', 'TBPL1', 'TBX3', 'TDRD3', 'TEAD2', 'TERF1', 'TERF2', 'TERT', 'TET1', 'TFAM', 'TFCP2', 'TFDP2', 'TFEB', 'THRAP3', 'THRA', 'TOP2B', 'TOX4', 'TRIP13', 'TSHZ1', 'UBN1', 'VRTN', 'WDHD1', 'WIZ', 'WRNIP1', 'YBX1', 'YBX3', 'ZA_UNIPROT_Q9UM89_UNREVIEWED_GENES', 'ZBED4', 'ZBED5', 'ZBTB12', 'ZBTB18', 'ZBTB1', 'ZBTB44', 'ZBTB5', 'ZC3H11A', 'ZFHX3', 'ZFP28', 'ZFP36L1', 'ZFP37', 'ZFP3', 'ZFP82', 'ZFP91', 'ZIM3', 'ZMYM2', 'ZMYND11', 'ZNF101', 'ZNF10', 'ZNF133', 'ZNF134', 'ZNF136', 'ZNF138', 'ZNF140', 'ZNF146', 'ZNF157', 'ZNF165', 'ZNF169', 'ZNF175', 'ZNF184', 'ZNF197', 'ZNF19', 'ZNF202', 'ZNF20', 'ZNF213', 'ZNF223', 'ZNF224', 'ZNF22', 'ZNF236', 'ZNF239', 'ZNF23', 'ZNF248', 'ZNF250', 'ZNF257', 'ZNF260', 'ZNF26', 'ZNF282', 'ZNF292', 'ZNF2', 'ZNF302', 'ZNF30', 'ZNF320', 'ZNF322', 'ZNF350', 'ZNF354A', 'ZNF354B', 'ZNF354C', 'ZNF362', 'ZNF37A', 'ZNF394', 'ZNF404', 'ZNF407', 'ZNF410', 'ZNF416', 'ZNF418', 'ZNF423', 'ZNF433', 'ZNF436', 'ZNF445', 'ZNF454', 'ZNF486', 'ZNF491', 'ZNF493', 'ZNF501', 'ZNF502', 'ZNF507', 'ZNF510', 'ZNF512B', 'ZNF512', 'ZNF513', 'ZNF514', 'ZNF524', 'ZNF528', 'ZNF529', 'ZNF532', 'ZNF544', 'ZNF547', 'ZNF549', 'ZNF558', 'ZNF560', 'ZNF561', 'ZNF563', 'ZNF577', 'ZNF579', 'ZNF581', 'ZNF582', 'ZNF584', 'ZNF585B', 'ZNF586', 'ZNF589', 'ZNF595', 'ZNF596', 'ZNF597', 'ZNF610', 'ZNF618', 'ZNF623', 'ZNF626', 'ZNF660', 'ZNF664', 'ZNF667', 'ZNF669', 'ZNF677', 'ZNF704', 'ZNF707', 'ZNF708', 'ZNF711', 'ZNF740', 'ZNF746', 'ZNF766', 'ZNF768', 'ZNF774', 'ZNF776', 'ZNF784', 'ZNF785', 'ZNF791', 'ZNF7', 'ZNF816', 'ZNF830', 'ZNF837', 'ZNF843', 'ZNF85', 'ZNF8', 'ZNF92', 'ZSCAN18', 'ZSCAN21', 'ZSCAN23', 'ZSCAN26', 'ZSCAN2', 'ZSCAN30', 'ZSCAN31', 'ZSCAN4', 'ZSCAN5B', 'ZSCAN5C', 'ZSCAN5DP', 'ZZZ3']",427
